{"cameraMode":{"drawMode":0,"name":"Shaded","section":"Shading Mode"},"sceneLighting":false,"audioPlay":false,"sceneViewState":{"showFog":true,"showMaterialUpdate":false,"showSkybox":true,"showFlares":true,"showImageEffects":true,"showParticleSystems":true},"in2DMode":false,"pivot":{"x":11.255729675292969,"y":-13.22506332397461,"z":7.793857574462891},"rotation":{"x":-0.2941072881221771,"y":0.43492591381073,"z":-0.15277811884880067,"w":-0.8372581005096436},"size":59.3795166015625,"orthographic":false}