{"cameraMode":{"drawMode":0,"name":"Shaded","section":"Shading Mode"},"sceneLighting":true,"audioPlay":false,"sceneViewState":{"showFog":true,"showMaterialUpdate":false,"showSkybox":true,"showFlares":true,"showImageEffects":true,"showParticleSystems":true},"in2DMode":false,"pivot":{"x":-5.251049518585205,"y":12.417985916137696,"z":-33.357330322265628},"rotation":{"x":0.47478076815605166,"y":0.5008796453475952,"z":-0.609481930732727,"w":0.3901776671409607},"size":65.97731018066406,"orthographic":true}